{
	"Figures": [
        {
            "Name": "triangle", 
            "Area": 2.0, 
            "Choroba": "Fytoftoroza", 
            "Valid": true, 
            "Coords": [
                52.00050322350308, 
                19.001470848103608
            ], 
            "Mass centre": [
                191, 
                417
            ], 
            "ID": 0, 
            "Distances": [
                20.22, 
                19.85, 
                19.31
            ], 
            "File": "20200701_041922_triangle_3.jpg", 
            "Mean color": [
                147.0, 
                106.0, 
                76.0
            ], 
            "Angles": [
                57.6, 
                62.2, 
                60.2
            ]
        }, 
        {
            "Name": "square", 
            "Area": 7.74, 
            "Choroba": "Maczniak rzekomy kapustowatych", 
            "Valid": true, 
            "Coords": [
                51.99999999084082, 
                19.001470848103633
            ], 
            "Mass centre": [
                189, 
                84
            ], 
            "ID": 1, 
            "Distances": [
                25.06, 
                25.94, 
                25.06, 
                25.94
            ], 
            "File": "20200701_041922_square_30.jpg", 
            "Mean color": [
                255.0, 
                185.0, 
                51.0
            ], 
            "Angles": [
                88.9, 
                91.1, 
                88.9, 
                91.1
            ]
        }
    ]
}